{
    "loss": 0.8460028171539307,
    "accuracy": 0.818965494632721
}